Institution,Rating After NSU 2026,Rating After NDUB 2026,Rating After BUET 2026,Rating After ICPC 2025,Rating After CUET 2025,Rating After MU 2025,Rating After UU 2025,Rating After DUET 2025,Rating After AUST 2025,Rating After UIU 2025,Rating After KUET 2025,Rating After ICPC 2024,Rating After BUET 2024,Rating After IUT 2024,Rating After NCPC 2024,Rating After SUST 2024,Rating After CUET 2024
BANGLADESH UNIVERSITY OF ENGINEERING AND TECHNOLOGY,3159,3117,3142,3105,3052,2949,2946,2762,2577,2504,2478,2381,2474,2614,2821,2865,2802
SHAHJALAL UNIVERSITY OF SCIENCE & TECHNOLOGY,2720,2869,2889,2811,2719,2788,2856,2933,3002,3060,3106,3184,3201,3140,3126,3103,2850
UNIVERSITY OF DHAKA,2640,2677,2706,2661,2303,2422,2751,2865,2977,2973,2952,2960,2815,2555,2461,2098,1668
RAJSHAHI UNIVERSITY OF ENGINEERING & TECHNOLOGY,2578,2520,2377,2297,2334,2323,2235,2311,2353,2335,2299,2372,2150,1806,1632,1403,1881
ISLAMIC UNIVERSITY OF TECHNOLOGY,2351,2368,2260,2210,2368,2217,2292,2228,2128,2147,2086,2203,2175,2138,2174,2167,1941
BRAC UNIVERSITY,2297,2247,2152,2102,2331,2428,2514,2403,2363,2419,2376,2256,2355,2603,2578,2779,2828
JAHANGIRNAGAR UNIVERSITY,1876,1793,1932,1968,1842,1863,2008,2022,2049,2065,2069,2072,2236,2038,1918,1710,1472
KHULNA UNIVERSITY,1807,1797,983,993,1282,1459,1473,1456,1550,1654,1689,1654,1635,1460,725,,
NORTH SOUTH UNIVERSITY,1785,1745,1449,1437,1688,1617,1646,1405,1216,1187,948,902,1335,1331,1508,1638,1495
COMILLA UNIVERSITY,1783,1836,1741,1801,1659,1603,1837,1931,1997,2121,2191,2140,1975,1848,1488,1578,906
UNIVERSITY OF RAJSHAHI,1767,1531,1258,1314,1617,1598,1768,1574,1337,1385,1423,1510,1709,1913,2046,2153,2673
CHITTAGONG UNIVERSITY OF ENGINEERING AND TECHNOLOGY,1724,1842,1720,1701,1599,1622,1863,1727,1565,1448,1398,1342,1615,1921,1669,1657,1779
DAFFODIL INTERNATIONAL UNIVERSITY,1638,1701,1801,1735,1990,1789,1645,1617,1620,1667,1691,1646,1313,820,627,709,459
JASHORE UNIVERSITY OF SCIENCE AND TECHNOLOGY,1616,1739,1423,1040,1072,1096,1292,1469,1295,1303,1303,1375,1392,1613,1557,1703,1369
KHULNA UNIVERSITY OF ENGINEERING & TECHNOLOGY,1612,1709,1728,1567,1659,1827,2073,1874,2036,2179,2073,2128,2508,2084,2102,1968,867
GREEN UNIVERSITY OF BANGLADESH,1500,1418,1329,1171,1543,1064,725,666,697,787,832,808,1152,480,482,579,216
LEADING UNIVERSITY,1480,1451,1178,1067,1338,1217,1399,970,689,814,814,820,1203,846,642,698,894
AHSANULLAH UNIVERSITY OF SCIENCE AND TECHNOLOGY,1476,1371,1431,1345,1419,1091,1220,1011,717,810,767,795,1313,1663,1697,1902,1930
SYLHET ENGINEERING COLLEGE,1387,1467,1237,1202,1295,1195,1111,1132,1111,1144,1175,1113,992,1041,1171,1368,1854
AMERICAN INTERNATIONAL UNIVERSITY-BANGLADESH,1339,1403,1510,1484,1609,1397,1141,947,781,742,620,626,985,619,734,584,
UNIVERSITY OF CHITTAGONG,1294,1256,1238,1305,975,1190,1170,1198,1208,1142,1114,1086,535,681,801,812,1009
MILITARY INSTITUTE OF SCIENCE & TECHNOLOGY,1294,1206,1140,1123,1260,1155,1259,1275,1073,1056,962,991,893,866,916,844,473
MAWLANA BHASHANI SCIENCE & TECHNOLOGY UNIVERSITY,1273,1348,1362,1405,1611,1443,1642,1447,1382,1525,1457,1525,2114,1721,1816,1862,1895
ISLAMIC UNIVERSITY,1221,1296,753,702,797,958,1008,1029,1102,1192,1290,1385,1183,869,911,1235,
METROPOLITAN UNIVERSITY,1163,1141,1226,1143,1066,1087,1077,620,511,501,351,314,473,629,752,829,989
EAST WEST UNIVERSITY,1102,1137,1092,1239,1513,1624,1927,1614,1385,1564,1554,1589,2033,1470,1623,1909,2186
INTERNATIONAL ISLAMIC UNIVERSITY CHITTAGONG,1068,1148,1216,1219,1329,1240,825,777,720,799,810,775,1033,1310,1303,1537,1438
INTERNATIONAL UNIVERSITY OF BUSINESS AGRICULTURE & TECHNOLOGY,1014,1011,925,911,1139,875,858,829,661,709,709,706,878,650,400,481,573
PATUAKHALI SCIENCE & TECHNOLOGY UNIVERSITY,877,944,964,1024,1490,1714,1718,1383,1608,1817,1817,1655,2111,1426,1180,1255,930
UNIVERSITY OF BARISAL,874,944,975,876,1222,1322,1210,604,633,683,683,732,813,1181,1104,1335,440
NOAKHALI SCIENCE & TECHNOLOGY UNIVERSITY,737,749,754,770,825,795,733,718,655,681,677,711,694,468,484,584,325
NETROKONA UNIVERSITY,701,744,562,569,737,796,652,548,569,586,623,683,293,293,364,445,584
EASTERN UNIVERSITY,689,772,406,366,0,0,0,0,0,0,0,0,,,,,
HAJEE MOHAMMAD DANESH SCIENCE AND TECHNOLOGY UNIVERSITY,687,695,692,746,670,716,670,713,631,437,465,502,758,570,675,230,
DHAKA UNIVERSITY OF ENGINEERING & TECHNOLOGY,661,662,644,660,783,827,813,705,709,738,738,731,601,466,529,633,
EAST DELTA UNIVERSITY,634,632,634,645,866,803,770,613,578,584,601,594,583,545,581,688,760
BANGLADESH UNIVERSITY OF BUSINESS AND TECHNOLOGY,579,624,649,673,723,793,982,965,791,739,614,541,719,816,766,912,445
NATIONAL UNIVERSITY,572,572,572,572,572,572,572,572,572,572,572,572,572,572,572,572,
UNIVERSITY OF ASIA PACIFIC,513,511,381,401,532,451,398,363,373,394,369,399,544,456,473,543,249
JATIYA KABI KAZI NAZRUL ISLAM UNIVERSITY,494,414,281,286,415,398,381,374,245,202,202,200,326,235,148,200,200
UNITED INTERNATIONAL UNIVERSITY,488,519,491,516,675,644,525,510,475,511,502,362,582,697,703,858,841
JAGANNATH UNIVERSITY,468,473,512,496,607,567,580,485,493,576,572,599,987,902,173,,
PABNA UNIVERSITY OF SCIENCE AND TECHNOLOGY,462,460,411,509,747,695,742,297,310,329,328,109,142,142,58,,
DHAKA CITY COLLEGE,460,458,218,216,433,420,433,419,309,300,300,353,408,581,543,318,196
NORTHERN UNIVERSITY OF BUSINESS AND TECHNOLOGY,420,481,506,503,519,497,278,270,80,85,59,57,185,185,,,
INTERNATIONAL ISLAMI UNIVERSITY OF SCIENCE AND TECHNOLOGY BANGLADESH,418,413,136,137,124,105,124,105,105,127,127,133,267,,,,
RANGAMATI SCIENCE AND TECHNOLOGY UNIVERSITY,416,412,412,413,541,294,302,294,294,302,302,301,397,397,438,561,561
CITY UNIVERSITY,415,418,245,255,365,375,81,73,51,51,51,34,,,,,
"UNIVERSITY OF FRONTIER TECHNOLOGY, BANGLADESH",373,401,198,108,243,199,243,199,199,199,11,11,,,,,
PREMIER UNIVERSITY,372,405,411,343,544,359,394,359,218,199,199,225,363,363,411,550,550
NORTHERN UNIVERSITY BANGLADESH,364,40,40,48,101,91,101,91,91,89,79,46,0,0,,,
GOPALGANJ SCIENCE AND TECHNOLOGY UNIVERSITY (GSTU),359,355,366,301,480,460,512,460,338,385,385,390,703,643,643,,
PRIME UNIVERSITY,338,343,229,223,330,349,333,363,298,128,120,130,347,347,230,230,230
SONARGAON UNIVERSITY,337,331,331,323,193,178,202,190,68,68,68,68,57,57,57,,
DHAKA INTERNATIONAL UNIVERSITY,336,364,214,234,314,309,340,334,342,349,73,55,181,181,,,
UNIVERSITY OF INFORMATION TECHNOLOGY & SCIENCES,333,365,211,228,298,269,267,214,185,213,209,223,410,541,598,707,414
KISHOREGANJ UNIVERSITY,324,344,337,323,489,228,253,231,206,236,211,219,359,319,323,391,244
SOUTHEAST UNIVERSITY,298,300,268,309,460,495,570,574,687,893,893,885,1317,349,368,136,
VARENDRA UNIVERSITY,282,280,281,246,276,266,276,268,219,157,157,155,304,304,304,422,
UTTARA UNIVERSITY,259,283,258,158,229,166,163,128,130,126,91,85,245,245,,,
BANGLADESH ARMY UNIVERSITY OF SCIENCE AND TECHNOLOGY,258,228,264,258,258,228,258,228,112,118,77,77,236,236,,,
NORTH EAST UNIVERSITY BANGLADESH,255,271,232,237,368,349,267,244,234,243,174,188,286,283,334,406,518
JAMALPUR SCIENCE AND TECHNOLOGY UNIVERSITY,251,55,55,55,,,,,,,,,,,,,
BANGLADESH ARMY UNIVERSITY OF ENGINEERING AND TECHNOLOGY,228,225,105,117,241,215,241,215,181,226,226,244,412,626,110,,
BANGLADESH UNIVERSITY OF PROFESSIONALS,222,225,187,210,323,302,435,384,445,471,143,147,262,262,264,323,192
INSTITUTE OF SCIENCE TRADE & TECHNOLOGY (ISTT),217,215,146,146,78,78,78,78,78,78,78,76,36,36,36,,
BGC TRUST UNIVERSITY BANGLADESH,208,225,173,173,12,12,12,12,12,12,12,14,34,34,34,,
NATIONAL INSTITUTE OF TEXTILE ENGINEERING AND RESEARCH,202,225,179,194,280,335,360,293,34,40,40,40,133,133,133,133,
"BEGUM ROKEYA UNIVERSITY, RANGPUR",194,214,233,240,435,434,435,433,420,445,458,496,474,501,479,322,235
INSTITUTE OF SCIENCE AND TECHNOLOGY,184,234,239,250,349,429,433,486,486,497,528,568,759,1039,1345,1892,1892
NOTRE DAME UNIVERSITY BANGLADESH,183,180,35,34,79,84,79,84,68,0,0,0,0,0,,,
PRESIDENCY UNIVERSITY,180,202,132,123,190,173,197,182,0,0,0,0,,,,,
MANARAT INTERNATIONAL UNIVERSITY,171,192,75,0,0,0,0,0,0,0,0,0,,,,,
PORT CITY INTERNATIONAL UNIVERSITY,153,160,160,162,196,234,278,299,336,361,379,420,325,325,382,539,539
BANGLADESH AGRICULTURAL UNIVERSITY,150,125,129,131,197,147,158,138,60,59,59,20,0,0,,,
FENI UNIVERSITY,136,151,167,173,235,252,232,249,255,247,269,269,504,1139,1139,1139,1139
"INDEPENDENT UNIVERSITY, BANGLADESH",136,128,128,137,241,217,256,251,254,278,188,191,339,465,446,508,212
BANGAMATA SHEIKH FOJILATUNNESA MUJIB SCIENCE AND TECHNOLOGY UNIVERSITY,124,103,103,124,124,103,124,103,103,124,124,124,295,295,406,406,406
FARIDPUR ENGINEERING COLLEGE,110,112,112,113,152,150,152,150,150,150,150,143,31,31,31,,
CHANDPUR SCIENCE AND TECHNOLOGY UNIVERSITY,102,129,131,128,172,172,147,170,141,93,95,93,250,250,182,182,182
SHANTO MARIAM UNIVERSITY OF CREATIVE TECHNOLOGY,88,91,100,108,177,169,182,177,146,138,97,101,197,197,171,208,260
R. P. SHAHA UNIVERSITY,88,92,90,111,221,210,221,210,242,242,241,155,136,136,154,208,208
CCN UNIVERSITY OF SCIENCE AND TECHNOLOGY,79,78,99,100,220,194,220,194,77,77,44,44,,,,,
DAFFODIL INSTITUTE OF IT (DIIT),67,66,86,86,207,176,207,176,23,23,23,24,35,35,35,,
TEJGAON COLLEGE,66,65,84,84,200,170,200,170,34,34,34,36,64,64,64,,
KHWAJA YUNUS ALI UNIVERSITY,66,65,70,77,122,114,116,92,45,45,36,0,,,,,
MYMENSINGH ENGINEERING COLLEGE,63,77,99,98,212,186,212,186,24,30,30,35,141,141,141,141,
INTERNATIONAL UNIVERSITY OF SCHOLARS,63,77,77,77,30,30,30,30,30,30,30,30,,,,,
WORLD UNIVERSITY OF BANGLADESH,63,62,62,62,0,0,0,0,0,0,0,0,,,,,
SYLHET INTERNATIONAL UNIVERSITY,61,62,64,64,92,78,121,125,106,137,154,152,381,381,425,596,
BANGLADESH UNIVERSITY,59,60,66,72,122,116,119,105,70,36,0,0,0,0,,,
BANGLADESH ARMY INTERNATIONAL UNIVERSITY OF SCIENCE AND TECHNOLOGY,55,58,65,67,98,123,130,124,95,91,93,90,150,207,168,205,188
CANADIAN UNIVERSITY OF BANGLADESH,51,42,42,51,51,42,51,42,42,55,63,63,205,205,,,
EUROPEAN UNIVERSITY OF BANGLADESH,49,49,48,48,0,0,0,0,,,,,,,,,
CHITTAGONG INDEPENDENT UNIVERSITY,44,44,55,53,96,88,108,113,23,31,31,31,130,130,130,130,
"IMPERIAL COLLEGE OF ENGINEERING, KHULNA",39,38,50,50,119,101,119,101,0,0,0,0,,,,,
"NORTH WESTERN UNIVERSITY, KHULNA",39,41,41,41,72,72,72,72,72,72,72,72,,,,,
BANGLADESH UNIVERSITY OF TEXTILES,35,35,35,35,35,35,35,35,35,35,35,35,,,,,
RANGPUR ENGINEERING COLLEGE,35,34,40,43,90,79,90,79,61,61,61,12,,,,,
CHATTOGRAM POLYTECHNIC INSTITUTE,32,37,32,32,32,37,32,37,46,46,46,46,,,,,
UNIVERSITY OF GLOBAL VILLAGE,30,30,35,37,85,74,85,74,52,64,64,64,189,189,,,
RANGPUR POLYTECHNIC INSTITUTE,24,24,24,24,11,11,11,11,11,11,11,11,,,,,
GONO BISHWABIDYALAY (GONO UNIVERSITY),24,28,28,31,85,81,85,81,81,81,81,72,,,,,
ASIAN UNIVERSITY OF BANGLADESH,19,23,30,30,73,63,73,63,27,27,27,27,,,,,
UNIVERSITY OF LIBERAL ARTS BANGLADESH,16,22,22,25,67,62,67,62,62,73,73,83,222,222,,,
"UNIVERSITY OF CREATIVE TECHNOLOGY, CHITTAGONG",15,20,20,20,66,66,66,66,66,66,66,66,,,,,
INTERNATIONAL STANDARD UNIVERSITY,15,14,14,19,60,46,60,46,46,60,60,60,196,196,,,
TMSS ENGINEERING COLLEGE,13,13,13,17,54,42,54,42,42,54,54,54,178,178,,,
FAREAST INTERNATIONAL UNIVERSITY,11,11,11,11,11,11,11,11,11,11,11,11,,,,,
BANGLADESH OPEN UNIVERSITY,9,10,10,10,15,19,26,29,29,29,33,33,,,,,
TEESTA UNIVERSITY,9,9,9,9,0,0,0,0,0,0,0,0,,,,,
RTM AL-KABIR TECHNICAL UNIVERSITY,8,9,9,8,8,9,8,9,9,8,8,8,0,0,,,
Z. H. SIKDER UNIVERSITY OF SCIENCE AND TECHNOLOGY,8,7,7,7,0,0,0,0,0,0,0,0,,,,,
STATE UNIVERSITY OF BANGLADESH,6,6,6,6,10,10,10,10,10,10,10,10,,,,,
THAKURGAON POLYTECHNIC INSTITUTE,5,5,5,5,,,,,,,,,,,,,
"COLLEGE OF BUSINESS SCIENCE AND TECHNOLOGY, MYMENSINGH",5,5,5,5,0,0,0,0,0,0,0,0,,,,,
SOUTHERN UNIVERSITY BANGLADESH,5,5,5,5,9,9,9,9,9,9,9,9,,,,,
HAMDARD UNIVERSITY BANGLADESH,4,4,4,4,0,0,0,0,0,0,0,0,,,,,
ATISH DIPANKAR UNIVERSITY OF SCIENCE AND TECHNOLOGY,0,0,0,0,0,0,0,0,0,0,0,0,,,,,
GERMAN UNIVERSITY BANGLADESH,0,0,0,0,0,0,0,0,0,0,0,0,,,,,
HEADWAY ENGINEERING INSTITUTE | SYLHET,0,0,0,0,0,0,0,0,0,0,0,0,,,,,
BARISAL INFORMATION TECHNOLOGY COLLEGE,0,0,0,0,0,0,0,0,0,0,0,0,,,,,
BRAHMANBARIA POLYTECHNIC INSTITUTE,0,0,0,0,0,0,0,0,0,0,0,0,,,,,
CENTRAL UNIVERSITY OF SCIENCE AND TECHNOLOGY,0,0,0,0,0,0,0,0,0,0,0,0,,,,,
CENTRAL WOMENS UNIVERSITY,0,0,0,0,0,0,0,0,0,0,0,0,,,,,
"DELTA COMPUTER SCIENCE COLLEGE, RANGPUR",0,0,0,0,,,,,,,,,,,,,
DAFFODIL INTERNATIONAL COLLEGE,0,0,0,0,0,0,0,0,,,,,,,,,
PRIMEASIA UNIVERSITY,0,0,0,0,0,0,0,0,0,0,0,0,,,,,
PUNDRA UNIVERSITY OF SCIENCE AND TECHNOLOGY,0,0,0,0,0,0,0,0,0,0,0,0,0,0,,,
PABNA ENGINEERING COLLEGE,0,0,0,0,,,,,,,,,,,,,
PIROJPUR SCIENCE AND TECHNOLOGY UNIVERSITY,0,0,0,0,0,0,0,,,,,,,,,,
SUNAMGONJ SCIENCE & TECHNOLOGY UNIVERSITY,0,0,0,0,0,0,0,0,0,0,0,,,,,,
STAMFORD UNIVERSITY BANGLADESH,0,0,0,0,,,,,,,,,,,,,
SHEIKH FAZILATUNNESA MUJIB UNIVERSITY,0,0,0,0,0,0,0,0,0,0,0,0,,,,,
UNITED COLLEGE OF AVIATION SCIENCE AND MANAGEMENT,0,0,0,0,0,0,0,0,,,,,,,,,
AHSANIA MISSION UNIVERSITY OF SCIENCE AND TECHNOLOGY,,,,,,,,,,,,,,,,,
AHSANULLAH INSTITUTE OF INFORMATION AND COMMUNICATION TECHNOLOGY,,,,,,,,,,,,,,,,,
BANGLADESH DIGITAL UNIVERSITY,,,,,,,,,,,,,,,,,
BGIFT INSTITUTE OF SCIENCE AND TECHNOLOGY,,,,,,,,,,,,,,,,,
CUMILLA POLYTECHNIC INSTITUTE,,,,,,,,,,,,,,,,,
DAFFODIL POLYTECHNIC INSTITUTE,,,,,,,,,,,,,,,,,
DHAKA RESIDENTIAL MODEL COLLEGE,,,,,,,,,,,,,,,,,
DR. SEKANDAR ALI COLLEGE,,,,,,,,,,,,,,,,,
"GOVT. SHAHID SUHRAWARDY COLLEGE, DHAKA",,,,,,,,,,,,,,,,,
INSTITUTE OF COMPUTER SCIENCE AND TECHNOLOGY (ICST),,,,,,,,,,,,,,,,,
MODEL INSTITUTE OF SCIENCE AND TECHNOLOGY,,,,,,,,,,,,,,,,,
PABNA GOVERNMENT POLYTECHNIC INSTITUTE,,,,,,,,,,,,,,,,,
SHEIKH BURHANUDDIN POST GRADUATE COLLEGE,,,,,,,,,,,,,,,,,
SIMT ENGINEERING COLLEGE,,,,,,,,,,,,,,,,,
UNIVERSITY OF DEVELOPMENT ALTERNATIVE,,,,,,,,,,,,,,,,,
